,id,title
0,592479,Kale and Quinoa Salad with Black Beans
1,547775,Creamy Avocado Pasta
2,818941,"Avocado Toast with Eggs, Spinach, and Tomatoes"
3,495111,Citrus Sesame Kale
4,689502,Melt In Your Mouth Kale Salad
5,837136,Kale Pineapple Smoothie
6,582897,Mexican Salad with Lime Dressing
7,777037,Weekly Meal Plan #17
8,801710,Matcha Green Tea and Pineapple Smoothie
9,695486,Green Smoothie
10,812966,Low Carb Frosty
11,584495,Chopped Kale Salad with Pomegranate & Avocado
12,547899,Sweet Potato and Black Bean Mexican Salad
13,696698,Tuscan-Style Tuna Salad
14,613079,Smashed White Bean and Avocado Sandwich
15,512226,Creamy Broccoli Spinach Soup | A Bowl of Green
16,995889,Low Calorie Peanut Butter Banana Spinach Smoothie
17,483531,Black Bean and Barley Salad
18,695642,Bean Burgers with Spicy Guacamole
19,473243,Green Lemonade
20,677670,Cleansing Detox Soup
21,733459,Hummus Veggie Wrap Plus 10 Heavenly Hummus to Make at Home
22,524349,lemon garlic broccoli
23,496929,Mango Spinach Green Smoothie
24,810865,Simple Massaged Kale Salad with Lemon Dressing
25,588323,Cinnamon toast crunch roasted chickpeas
26,611943,Spinach Pesto Quinoa Bowl
27,529546,Mint Chocolate Green Protein Smoothie (gluten free & can be vegan!)
28,573591,Maple Glazed Salmon
29,480310,Raspberry Banana Avocado Smoothie
30,578449,Creamy avocado and rocket pasta
31,702811,Garlic Parmesan Roasted Broccoli
32,669313,Maureen’s Avocado Tabbouleh
33,495508,How to Build a Perfect Smoothie (+ a Chocolate Mint Green Smoothie !)
34,248178,Chipotle Lime Grilled Shrimp Salad in Cilantro Lime Dressing
35,775925,Baked Mustard-Crusted Salmon With Asparagus and Tarragon
36,505288,Veggie Wraps with Quinoa
37,621163,"Pesto Pasta with Lemon, Spinach, Edamame & Toasted Almonds"
38,550388,Kale Salad with Cranberry Vinaigrette and Walnuts
39,538019,Creamy Ginger Green Smoothie
40,990084,Garlic Parmesan Broccoli
41,595916,Spinach Strawberry Salad with Strawberry Vinaigrette
42,860943,Garlic Parmesan Broccoli and Potatoes in Foil
43,577771,Sexy Cabbage (+ Cilantro-Lime Carrot and Cabbage Spring Rolls)
44,496200,Brussel Sprouts Salad with Orange Ginger Dressing
45,591705,Tuna & White Bean Salad
46,244141,Squash Fries
47,695118,Tuna & White Bean Salad
48,496931,Avocado Kale Superfood Smoothie
49,500244,Hide Your Kale Smoothie
50,619608,Kale and Mixed Berry Smoothie
51,509646,Simple Herb Crusted Salmon
52,872984,"Warm Quinoa, Sweet Potato and Kale Salad"
53,535969,Kale Salad with Meyer Lemon Vinaigrette
54,584792,Strawberry & Kale Salad with Feta Cheese
55,779803,Falafel Salad with Lemon-Tahini Dressing
56,588576,Creamy 3 herb dressing
57,584854,Chopped Kale Salad with Grapes & Feta Cheese
58,616564,Chinese Chop Salad + Peanut Sesame Dressing
59,483676,Salted Chocolate Oatmeal Smoothie
60,286168,Sauteed Kale
61,500830,Rainbow Chard Hummus Wraps
62,773578,Pesto Salmon and Italian Veggies in Foil
63,773183,Salmon and Summer Veggies in Foil
64,966111,Sauteed Kale
65,588548,Cold buster smoothie
66,473967,Asian Sesame Spinach Salad (Power Foods)
67,548436,Grilled Guacamole
68,238176,Greek Potatoes (Oven-Roasted and Delicious!)
69,592292,Marinated White Beans
70,482512,Chocolate Espresso Protein Smoothie
71,539858,"Raw Kale Salad with Apples, Carrots & Purple Cabbage"
72,622596,Whole30 grilled salmon with avocado salsa
73,1009573,Quinoa Kale Tomato Corn Salad
74,515839,Green Juice in a Blender
75,756829,Spinach and Mushroom Egg White Frittata
76,677365,Lentil Spinach Salad with Avocado
77,264116,Butternut Squash Soup
78,584594,Vegetable Stir-Fry with Endive & Shiitake Mushrooms
79,482628,Banana Berry Kale Smoothie
80,612082,Creamy Butternut Squash Pasta Skillet
81,749594,Hummus and Grilled Vegetable Wrap
82,974620,Kale Pineapple Smoothie
83,563797,Roasted Red Pepper Butternut Squash Noodles with Chicken
84,842383,Roasted Cauliflower Salad with Lemon Tahini Dressing
85,551703,Quinoa Lentil Salad - Roasted Brussels Sprouts
86,496225,Super Simple Roasted Broccoli
87,500803,Three Color Pasta with Sun Dried Tomato Sauce
88,588272,Spicy thai carrot and kale salad
89,559162,Roasted Potatoes With Garlic Sauce
90,536055,Garlic Mushroom Quinoa
91,578138,Quick black bean dip
92,556911,Chocolate Peanut Butter Protein Shake
93,488633,"gobi pakora , how to make gobi pakoras or cauliflower fritters"
94,814122,Massaged Kale Salad with Avocado and Pickled Red Onions
95,780510,Zucchini Noodles with Creamy Avocado Pesto
96,483358,Garlicky Lemon Grilled Fish Packets
97,586489,Roasted Eggplant and Lentil Soup
98,248799,Sweet Chili Chicken Salad
99,584481,Open Faced Veggie Quesadilla with Avocado Salsa Cream
100,474396,Mixed Bag” Kale Salad
101,185071,Cannellini Tuna Salad
102,496373,Quinoa Salad with Avocado and Tomatoes
103,617461,Scrambled Tofu
104,482759,Strawberry Chocolate Protein Smoothie
105,491421,Strawberry Banana Oatmeal Smoothie
106,592348,Mexican Lentil Stew
107,754184,Power Smoothie
108,722394,Mexican Fava Bean Soup (Sopa de Habas)
109,759230,Quinoa-Stuffed Peppers
110,580762,"Kale, Black Bean and Avocado Burrito Bowl"
111,474319,Easy Stir-Fry Broccoli and Red Bell Pepper
112,740848,Egg White Omelette
113,587979,EASY Oven Roasted Veggies
114,814263,How to Make Pickled Peppers
115,474307,Garlic Roasted Kale
116,512247,Avocado and Romaine Salad with Walnuts
117,474468,"Hearty Chicken Chorizo, Kale, Bean and Farro Soup"
118,994167,Broccoli Stem Noodles with Sesame Ginger Dressing
119,249081,Apple and Pomegranate Quinoa and Kale Salad with Feta in a Curried Maple Dijon Dressing
120,588196,Green bean fries
121,962537,Roasted Broccoli with Garlic
122,551874,Oven Roasted Vegetables
123,584224,"Spinach, Basil and Avocado Quinoa Bowl"
124,620174,Fall Harvest Vegetarian Chili with Kale + Giveaway
125,719062,Healthy Strawberry Shortcake Smoothie
126,698963,Island Red Beans (Habichuelas Coloradas Grandes)
127,955591,Baby Kale Breakfast Salad with Quinoa & Strawberries
128,537971,Mint Chocolate Chip Green Smoothie
129,584952,Spicy Guacamole Hummus
130,537873,The Body Book™ Green Smoothie
131,826953,Harvest Kale Salad with Roasted Winter Squash
132,588251,Lemon roasted asparagus
133,848980,Kale Chips Using Sriracha Sauce
134,505014,Green Apple Smoothie for St. Paddy’s Day
135,566217,Shaved Brussels Sprouts Salad with Avocado and Pistachios
136,523704,"Avocado, Tomato, Kale & Onion Salad"
137,201859,Tropical Green Juice
138,548284,Southwestern Pasta Salad with Creamy Avocado Dressing
139,702731,Best Ever Mushroom Soup
140,490754,Spicy Guacamole
141,757207,Roasted Yukon Potato Spring Vegetable Bowls
142,556590,"Endive Salad with Stilton, Pear and Walnuts"
143,525527,Lemony Lentil Quinoa Salad
144,578108,Walnut and roasted garlic chickpea pâté
145,702362,Spinach Strawberry Salad
146,733101,Asian Noodle Salad
147,497144,Lemon-Garlic Broccoli
148,723984,Cabbage Salad with Peanuts
149,559515,Parmesan Garlic Roasted Potatoes
150,529404,Sweet and Tangy Tuna Stuffed Peppers
151,572318,Soba Noodles with Lemony Kale Pesto
152,685856,Roasted Butternut Squash and Pear Salad with Lentils
153,723932,Spicy Sautéed Kale + 5 Healthy Kale
154,729018,Quinoa Vegetable Salad with Tahini Dressing
155,775490,"Mashed Cauliflower (Vegan, Paleo)"
156,680372,Baked Spinach and Ricotta Rotolo
157,474463,Quinoa Kale Tomato Corn Salad {Video + Giveaway}
158,627519,Pineapple Detox Blast
159,521871,Pineapple And Banana Smoothie
160,560598,Sweet Potato Quinoa Black Bean Burgers
161,682142,Lentil Soup
162,491217,Greek Salad Wrap
163,613283,creamy parmesan garlic gnocchi
164,594589,Lightened Up Kale Caesar Salad
165,573147,Kale Fried Rice
166,667231,Baked Salmon with Garlic and Dijon
167,540519,Pumpkin Streusel Muffins
168,505145,Zucchini Pasta with Garlic Scape Pesto
169,506672,Carrot Cake Smoothie
170,497850,Kale Salad
171,248346,Tropical Kale Smoothie
172,555478,Strawberry Avocado Smoothie
173,599806,Smoked Paprika and Chickpea Soup
174,196453,Vegan: Smoky Charred Cauliflower and Potato Soup with Kale
175,494996,Spicy Chickpea & Spinach Stew
176,756459,Savory Kale-Tomato Juice
177,472914,Kale with Cranberries
178,577852,Red Lentils and Spinach in Masala Sauce
179,195954,Cashew Apple Green Smoothie
180,906770,One Pan Roasted Lemon Pepper Salmon and Garlic Parmesan Asparagus
181,532448,Microwave Egg and Vegetable Breakfast Sandwich
182,611285,Banana Oat Chocolate Peanut Butter Smoothie + 10 Wellness Life Hacks for Moms
183,971566,Simply Delicious
184,995649,Sauteed Kale
185,523313,Healthy Single Serving Microwaveable Buckwheat Banana Cake
186,574789,Real Men Cook: Sautéed Garlic Spinach
187,697257,Tomato & Fennel Salad
188,809898,Strawberry & Mango Chopped Spinach Quinoa Salad with Sesame-Lime Vinaigrette
189,536422,"Avocado, Kale and Spinach Salad"
190,479691,"Bottoms Up: Green Giant Smoothie with Banana, Spinach, and Almond Butter"
191,820749,Brown Sugar Garlic Pork with Carrots & Potatoes
192,570644,Strawberry Quinoa Salad With Brie
193,547706,"Quinoa Salad with Asparagus, Peas, Avocados & Lemon Basil Dressing"
194,758702,Curried Potatoes with Cauliflower and Peas
195,509951,Healthiness {: Healthy 2 Bean Kale Soup}
196,474651,Crockpot Cuban Black Bean Soup (Frijoles Negros) – Power Foods
197,509163,Garlic Pork and Rice
198,480013,Meatless Monday: Vegetarian Kale Caesar Salad
199,506377,Warm White Bean and Kale Salad with Dried Cranberries and Cashews
200,553553,Broccoli quinoa casserole
201,505275,Zucchini Noodles with Lime-Arugula Pesto
202,577803,Sesame Crusted Avocado and Cabbage Spring Rolls
203,549886,Simple Coconut Chicken Curry
204,482741,Pumpkin Banana Oatmeal
205,951559,Curried Chickpeas with Spinach
206,246392,Quick Beef Stew with Mushrooms and White Beans
207,877657,"Colorful Beet Salad with Carrot, Quinoa & Spinach"
208,746105,Braised Kale and Tomatoes
209,416678,Terrific Trail Mix
210,249765,Healthy Black Bean Salad with Creamy Avocado Dressing
211,195529,The Greenie
212,811088,Pistachio Crusted Salmon with Pesto
213,579014,Kale Pesto
214,227961,Cajun Spiced Black Bean and Sweet Potato Burgers
215,584449,Lemon Quinoa Salad with Pistachios & Sun-Dried Tomatoes
216,773589,Ratatouille
217,521545,Warm Lentil Salad Speckled with Kale and Pomegranate Seeds
218,496991,Carrot Mango and Kiwi Smoothie
219,516337,On-the-Go Green Smoothie
220,701765,Salsa roja (roasted red salsa)
221,695463,Garlic Roasted Salmon & Brussels Sprouts
222,775954,Roast Salmon and Broccoli with Chile-Caper Vinaigrette
223,511513,Fall Harvest Brussels Sprouts
224,496401,Healthy Southwestern Salad
225,710652,Sautéed Chard with Parsnip
226,730496,"Mushroom, Lemon and Lentil Salad"
227,758270,Broccoli Stir-Fry with Ginger-Avocado Sauce
228,620343,"Kale Salad with Butternut Squash, Blue Cheese & Honey-Cider Vinaigrette"
229,615661,Roasted Vegetables
230,884531,Pesto Salmon and Italian Veggies in Foil
231,547977,"Quinoa Salad with Roasted Sweet Potatoes, Kale, Dried Cranberries, & Red Onion"
232,667972,kale and quinoa salad with ricotta salata
233,485422,Poached Salmon
234,508476,Baked Quinoa Casserole with Chicken and Broccoli
235,717153,Vegetarian Slow Cooker Lentils
236,548281,Raspberry Coconut Smoothie
237,548502,Smashed Chickpea & Avocado Salad Sandwich
238,758376,Stuffed Grape Leaves Casserole
239,964239,Winter Detox Moroccan Sweet Potato Lentil Soup (Slow Cooker)
240,537977,Avocado Artichoke Arugula & Spinach Salad
241,814350,Roasted Sweet Potato and Cauliflower Rice Collard Wraps
242,483755,Blueberry Kale Power Smoothie
243,855493,Peanut Butter and Jelly Protein Smoothie
244,556595,"Roasted Butternut Squash with Garlic, Sage and Pine Nuts"
245,519858,Ham and Bean Soup
246,549376,How to Fight a Cold- Cold Buster Green Smoothie
247,695172,Inside-Out Lasagna
248,507912,Basic Green Smoothie
249,547774,Goat Cheese Lemon Pasta with Kale
250,758159,Stuffed Eggplant with Lentils and Millet
251,584126,"Hearty Lentil, Kale & Potato Soup"
252,530096,Chocolate Protein ‘Frosty’
253,725831,Vegetable Kebabs
254,251617,Brine-pickled Beets with Ginger and Orange
255,559371,Healthy Grains: Quinoa Tabouli
256,723422,Basil and Mint Squash Noodles
257,718365,Southwestern Collard Wrap with Chicken and Avocado
258,196136,Lentil and Carrot Salad with Kale
259,529531,The “Zen” Quinoa Bowl (gluten free & can be made vegan!)
260,758629,Cuban Black Bean and Potato Soup
261,754937,Vegan Cream of Broccoli Soup
262,618266,No Noodle Pad Thai
263,548563,"Spinach, Ham and Egg Whites Frittata – 2 Points"
264,694940,Tofu with Peanut-Ginger Sauce
265,617457,Banana Bread in a Bowl
266,492564,Falafel Burgers with Feta Tzatziki Sauce
267,591184,Pumpkin Smoothie
268,548173,"Kale, Strawberry & Avocado Salad with Lemon Poppy Seed Dressing"
269,746379,"Kale Chips, Three Ways"
270,515632,Pan Seared Salmon with Roasted Corn Salsa Served over Black Lentils + Relished Foods Delivery Giveaway–OVER
271,488426,"peanut chutney , how to make peanut chutney | quick peanut chutney"
272,507145,Citrus Kale Salad
273,721012,Minty Green Shamrock Shake Smoothies
274,791918,Teriyaki Salmon & Broccoli Bowls
275,586040,Low-Fat Guacamole Dip
276,596112,Spinach Pineapple Green Smoothie
277,205931,The Crisper Whisperer: A Seriously Delicious 'Green' Smoothie
278,759049,Curried Red Lentil Soup with Lemon
279,812306,Oven Roasted Sea Bass
280,871514,Moroccan Carrot Red Lentil Soup
281,251124,Flu Prevention and Cultured Veggies
282,814308,Spring Cleaning Detox Salad
283,246186,Sautéed Swiss Chard with Mustard Seeds
284,758507,Stuffed Portobello Mushrooms with Farro
285,507177,Linguine with Garlicky Kale and White Beans
286,837690,Strip Steaks with Smoky Cilantro Sauce & Roasted Vegetables
287,729483,How to Make a Sustainable Smoothie (4 Seasonal !)
288,495515,Peanutty Quinoa Bowls for Two + How To Make Your Own Baked Tofu
289,478980,Meatless Monday: Thai Peanut Slaw
290,666468,Roasted Potatoes with Lemon Olive Oil
291,602938,mango romaine smoothie {smoothie saturday}
292,583232,Strawberry Avocado Spinach Salad with Strawberry Vinaigrette #SundaySupper
293,247233,Avocado Heirloom Tomato Salad
294,532391,Quinoa and Avocado Chimichurri Salad for Food Bloggers Against Hunger
295,592001,Crunchy Asian Salad
296,548113,"Kale Salad with Citrus, Avocado, and Feta"
297,548512,Crock Pot Beef and Broccoli – 8 Points
298,758622,One-Pot Pasta Primavera
299,580696,"Roasted Broccoli, Arugula and Lentil Salad"
300,548686,Sauteed Kale – 0 Points
301,547949,Green Smoothie
302,552526,Creamy Pumpkin Pasta with Parmesan & Sage
303,588592,Strawberry tabouleh
304,562999,"Penne with Butternut Squash, Kale, and Goat Cheese {12 Weeks of Winter Squash}"
305,494665,Blueberry Almond Butter Smoothies
306,584689,Roasted Mushroom & Romaine Salad {Vegan}
307,249221,Spinach and Artichoke Hummus
308,536351,Sesame Ginger Steamed Broccoli
309,715263,Spaghetti with No-Cook Tomato Sauce and Hazelnuts
310,700113,"Baked Snapper with Harissa, New Potatoes, and Spring Onions"
311,613442,Easy Swiss Chard
312,505083,Chipotle Chicken & Quinoa Stuffed Acorn Squash (+ giveaway)
313,488307,kachumber salad or kuchumber salad – indian vegetable salad
314,609875,Quinoa With Peppers And Beans
315,794388,Asian Chicken Salad
316,626747,Lemon Lime Green Smoothie
317,759641,White Bean and Kale Soup
318,247081,Sautéed Kale with Tahini Sauce
319,591320,Sweet Potato and Kale Salad
320,798210,Cheesy” Mexican Quinoa
321,482788,Garlicky Pasta with Swiss Chard and Beans
322,758060,Wild Rice-Stuffed Pumpkin
323,630676,"Brussels Sprouts Salad with Hazelnuts, Parmesan, and Pomegranate Molasses Vinaigrette"
324,519403,Roasted Brussels Sprouts with Balsamic & Orange
325,227021,CHICKEN STEW (POLLO SUDADO)
326,502304,Two make-ahead mason jar salads {for winter}
327,607296,Gena’s Hemp Seed Tabouli
328,842512,Spaghetti Aglio e Olio with Lots of Kale
329,758576,Bok Choy Skillet Supper
330,516903,Healthy Macaroni and Cheese: Makeover
331,867819,"Carrot, Ginger, and Lime Juice"
332,697589,Chopped Salad al Tonno
333,759598,Butternut Squash and Chickpea Stew with Couscous
334,577539,Black Bean and Guac Burrito
335,478556,"Roasted Broccoli with Toasted Almonds, Lemon & Pecorino Cheese"
336,556449,Breadcrumb stuffed tomatoes
337,573596,Almond Butter Cup
338,758878,Grilled Vegetable Wrap
339,517474,Roasted Butternut Squash with Sage
340,537874,Stripped Green Juice
341,765310,Lemony Herb-Loaded Chopped Greek Salad
342,496312,Shaved Brussel Sprouts with Lemon Vinaigrette
343,553576,Broccolini and mushroom stir-fry
344,224967,Parmesan-roasted potatoes
345,602969,Low Calorie Strawberry Banana Kale Smoothie
346,770426,Sherla's Southern Greens
347,695410,Almond-&-Lemon-Crusted Fish with Spinach
348,702808,Cinnamon Pecan Roasted Butternut squas
349,248971,Quinoa Tabbouleh Salad
350,687533,Roasted Butternut Squash Kale Sauté
351,758034,Hemp Hummus Pita Pockets
352,759334,Herb-Roasted Winter Veggies
353,560638,Pumpkin Hummus
354,530041,Chicken & Veggie Quinoa Casserole (gluten & dairy free!)… and Fave Five Friday: Simple & Delicious Casseroles
355,512594,6-Vegetable Stir Fry with Peanut Sauce
356,911839,Crispy Chickpea Thai Quinoa Bowl
357,496898,Seared Ahi Tuna with Chimichurri Sauce
358,562754,"Curried Red Lentil, Kale and Sweet Potato Soup"
359,564125,Cuban Black Bean Hummus
360,608221,Quinoa & Veggie Collard Wraps
361,248575,Roasted Habanero Salsa
362,228132,5:2 Diet - Savoury Cauliflower Rice = 137 calories
363,608242,10-Minute Zucchini Pasta with Vegan Cashew Basil Pesto
364,553105,Avocado and chocolate smoothie
365,577556,Shaved Brussels Sprouts and Soba Noodles with Ginger-Honey Sauce
366,552590,Date & Almond Kale Salad with Garlic-Shallot Vinaigrette
367,475631,Slow Cooker Turnip Greens
368,697154,Sesame-Seasoned Spinach
369,516836,"Spinach Salad with Chicken, Avocado and Goat Cheese"
370,535588,Honey Salmon in Foil
371,214971,Steak with chimichurri sauce
372,559149,An Interesting Study & Swiss Chard and Feta Rolled Omelet
373,557456,Oatmeal Berry Breakfast Cake 
374,578179,Veggie burrito bowls
375,838746,Broiled Salmon and Asparagus with Crème Fraîche
376,961890,Spaghetti Squash with Chickpeas & Kale
377,517764,Irish Stew
378,195736,"Roasted Butternut Squash with Garlic, Sage and Pine Nuts"
379,529578,Easy Kale & Broccoli Slaw Rice Bowl with a Spicy Thai Peanut Sauce …and Fave Five Friday: Kale
380,523151,Healthy Peanut Butter Mousse 
381,666825,15 Minute Paleo Tacos & Taco Seasoning
382,560259,Crispy Indian Spiced Potato Wedges
383,608991,Green Monster Smoothie
384,487278,baked cauliflower or baked gobi | gobi s
385,494958,Southwestern Veggie Wraps
386,771471,Spaghetti and No-Meat Balls
387,611822,Pumpkin Pie Oatmeal
388,556186,Mushrooms and Spinach with Parmesan and Paprika
389,758268,Smothered Cheese Grits and Steamed Greens
390,31508,deconstructed Hummus” Chickpea Salad
391,715351,Potato Salad with Grilled Kale
392,536654,Lemon Parmesan Broccoli
393,552262,Ahi Poke
394,428875,Shrimp Pasta in a Foil Package
395,695364,Greek Orzo Stuffed Peppers
396,205460,Spicy-Tart Kale Limeade
397,757932,Tuscan Kale and Carrot Soup
398,695209,Seared Salmon with Braised Broccoli
399,718862,Cha Cha's White Chicken Chili
400,622992,Moro's Warm Squash & Chickpea Salad with Tahini
401,246934,Texas Caviar
402,758371,Chile-Lime Glass Noodles
403,248347,Spinach and Feta Quinoa Salad
404,496178,Super Easy White Bean Salad
405,486572,Easy Vegetarian Quinoa Chili
406,765159,Cucumber and Chickpea Salad
407,756339,Sauteed Spinach with Bacon and Onions
408,247326,Swiss Chard with Olives
409,506520,The Laughing Cow 7 Layer Mexican Wrap
410,474002,Pressure Cooker Cuban Black Bean Soup
411,616758,Quinoa Chili with Slow Cooker Option
412,678484,Balsamic Roasted Brussels Sprouts and Carrots
413,696823,Barley Hoppin’ John
414,549897,"Shelby's Take on the Bacon, Egg and Cheese"
415,732786,Apple Butternut Squash Soup
416,617772,Sweet & Spicy Squash
417,523170,Healthy Single-Serving Pumpkin Buckwheat Microwave Cake
418,497430,Maple-Mustard Baked Salmon
419,482620,Chocolate Oatmeal Smoothie
420,616563,CURRIED CHICKPEA SALAD
421,759057,Citrus Collards with Raisins
422,718902,Slow Cooker Lentil Smoked Ham Soup
423,500461,Creamy Chocolate Breakfast Shake
424,812124,Cherry Coconut Chocolate Smoothie
425,603917,"Marinated Kale, White Bean, and Tomato Salad"
426,694949,Fusilli with Italian Sausage & Arugula
427,512225,Sugar Snap Pea and Fennel Salad with Apple Cider Vinaigrette | Welcoming Spring
428,695478,Slow-Cooker Moroccan Lentil Soup
429,964279,5 Ingredient Avocado Lime Salmon
430,201960,Chili Lime Jicama Sticks
431,591191,Creamy Tomato and Spinach Pasta
432,702355,Braised Brisket with Potatoes and Carrots Skinnytaste
433,588359,Roasted cabbage with a lime peanut sauce
434,779095,Vegan BLT Sandwich
435,626716,Curried Lentils
436,245596,"Kale Salad with Balsamic, Pine Nuts, and Parmesan"
437,856117,Blueberry Cacao Smoothie Bowl
438,627789,Butternut Squash & Chickpea Coconut Curry (Crock Pot )
439,475042,Quick and Easy Salsa with Baked Tortilla Chips
440,573734,Thai Cauliflower Rice Salad
441,735845,Pasta With Kale Pesto and Roasted Butternut Squash
442,474614,Skinny Hot Spinach Dip
443,673748,Spaghetti with Cauliflower and Garlicky Swiss Chard Gremolata
444,695449,Swedish Yellow Split Pea Soup with Ham
445,494212,CSA Salad
446,563069,Spring Vegetable Quinoa Salad with Lemon Basil Dressing
447,1013552,Healthy Buddha Bowl
448,696877,Parsley Tabbouleh
449,696819,Rice & Lentil Salad
450,1006103,Israeli Power Salad with Za’atar Roasted Sweet Potatoes
451,543043,Gluten Free 'Cream of NOT Wheat' Hot Cereal
452,779573,Spiced Chickpea Cucumber Salad
453,497319,Spicy Broccoli with Garlic
454,577369,Johnsonville Sausage Fire House Chili
455,723640,How to Make Freezer Smoothie Packs
456,551262,Butternut Squash and Chicken Mash
457,759130,"Whole-Wheat Spaghetti with Golden Garlic, Tomatoes, and Sage"
458,799404,Avocado Tuna Salad
459,560596,Spinach Artichoke Hummus with Shamrock Shaped Green Peppers
460,696192,Salmon Salad Sandwich
461,716868,Creamy Goat Cheese Pasta with Roasted Broccoli and Sun-Dried Tomatoes
462,690935,Roasted Butternut Squash Hummus
463,523105,"Healthy Single-Serving Chocolate Peanut Butter Banana Microwave Cake (sugar free, gluten free, vegan)"
464,509058,QUINOA AND BLACK BEAN STUFFED PEPPERS
465,514922,Creamy Tomato Soup
466,707755,Lemony Kale Salad
467,739263,Collard-Wrapped Bean Burritos
468,539461,Fall Vegetable and Red Lentil Soup
469,720057,Sweet Potato Turkey Shepherds Pie Skinnytaste
470,695571,Raw Kale Salad with Roasted Garlic Dressing
471,500577,Poblano and Portobello Fajitas
472,245892,Poached Salmon
473,513572,Guacamole Salad
474,987511,Salmon and Summer Veggies in Foil
475,494979,"Butternut Squash, Lentil & Kale Salad with Tahini Dressing"
476,482530,Easy Beef and Broccoli
477,946910,Roasted Brussels Sprouts
478,875122,Five-Bean Salad With Smoked Paprika Vinaigrette
479,505168,Green Bean & Almond Quinoa Salad
480,591302,Summer Vegetable Tian
481,483195,Apple Ginger Green Smoothie & Turning Resolutions into Permanent Lifestyle Changes
482,521693,"Mango, Banana, Raspberry & Spinach Smoothie"
483,775948,Salmon with Potato Salad and Horseradish Yogurt
484,591354,Quick Lemon Garlic Fish
485,586915,Winter Power Salad
486,669532,Superfood Power Lunch Bowl
487,200798,The Secret Ingredient (Parsley): Spaghetti with Parsley Pesto
488,965126,Garlic Parmesan Roasted Broccoli
489,560416,The Ultimate Parmesan Roasted Broccoli
490,497851,Crispy Salmon with Ginger Soy Sauce
491,485532,Green Mango Smoothie
492,576923,Roasted Marinated Broccoli
493,548041,"Spinach, Feta and Potato Au Gratin – 5 Points"
494,481767,Lentil Tabouli
495,511893,The Best Broccoli Ever (Parmesan-Lemon Roasted Broccoli)
496,717096,Beautiful Brussels Sprouts
497,496905,Lentil Stuffed Peppers
498,759837,Spicy Peanut Stew
499,697213,Lemony Carrot Salad
500,860004,Pan-Roasted Salmon With Grapefruit-Cabbage Slaw
501,512278,Drinking Your Veggies | A Trio of Juice s
502,621320,"Pasta with Toasted Garlic, Dried Cranberries, Kale, Kalamata Olives & Feta - Iowa Girl Eats"
503,626755,Curried Lentil Vegetable Soup
504,543896,"Quinoa, Black Bean and Corn Tacos"
505,489531,Kiwi & Spinach Smoothie
506,666514,Dr. Oz's Vitamin Cocktail
507,446364,kale & apple butternut salad
508,758070,Sweet Potato Bowl with Chimichurri
509,262056,Ultimate 4-Layer Vegan Sandwich
510,984987,Sheet Pan Steak Fajitas
511,513916,Garlic Green Beans with Mushrooms and Potatoes
512,667629,One Pan Roasted Lemon Pepper Salmon and Garlic Parmesan Asparagus
513,495489,Vegan Cincinnati Chili
514,525578,Springtime Crockpot Minestrone
515,248667,Artichoke Curry Vegan Spinach Dip
516,262756,Jumbo Chickpea Pancake
517,594136,Homemade Pasta Sauce
518,483329,Lemony Kale Salad
519,749173,Oven-Roasted Root Vegetables
520,245503,Baby Bok Choy with Cashews
521,590367,Spicy Thai Steak Salad
522,560829,Kale Pesto
523,696719,Oatmeal-Rhubarb Porridge
524,573041,Chocolate Pumpkin Banana Smoothie
525,715229,Quick and Easy Veggie Chili
526,506266,A Green Julius (AKA Orange Vanilla Smoothie)
527,770706,Simple Broccoli Stir-fry
528,535999,Quinoa Stuffed Bell Peppers
529,500504,Peanut Butter Banana Basil Rainbow Chard Wrap
530,757966,Spicy Spinach with Sunflower Seeds
531,557362,Blueberry Coconut Hidden Green Smoothie 
532,867806,Bean Salad with Lemon and Herbs
533,697780,Kale with Apples & Mustard
534,695798,Spinach Salad with Avocado-Ranch Dressing
535,529566,Simple Ginger Soy Poached Salmon
536,685193,Light Cream of Broccoli Soup
537,564032,"Herbed Ricotta Butternut Squash Noodles with Walnuts, Chickpeas and Cumin-Roasted Carrots and Cauliflower"
538,517741,Crispy Orange Chicken Quinoa Bowls
539,772307,Steamed Vegetables with Sesame-Chile Oil
540,758032,Blueberry-Spinach Smoothie
541,700630,Protein Puppy Chow : Healthy Ginger Snap Style
542,263528,Aztec Corn Salad
543,696739,Tuna Pomodoro
544,758894,Spaghetti with Chunky Tomato Sauce
545,570789,Quinoa-Stuffed Chile Rellenos
546,560200,Lemon Herb Salmon
547,730304,Chickpea Broccoli Buddha Bowl
548,670711,Quinoa Tabbouleh Salad {5 Tips for Effortless Entertaining}
549,667033,"Smoky, Lemony Sautéed Shredded Brussels Sprouts"
550,505262,"Grilled Pork Chops with Sweet Potato, Kale & Red Quinoa Salad"
551,196688,Spinach Salad with Blood Oranges and Pistachios
552,694938,Salmon with Toasted Israeli Couscous
553,495409,Sweet Potato and Millet Falafel
554,729297,Blackened Salmon Tacos with Forbidden Rice & Mango Guacamole
555,537836,Baked Turkey Sausage and Vegetable Spaghetti
556,588814,"Raw, Clean & Healthy No Oil Salad Dressing"
557,763455,"Lemony Broccoli, Chickpea & Avocado Pita Sandwiches"
558,696616,Mustard-Crusted Salmon
559,474356,Mixed Fish and Avocado Poke Tower {Deconstructed Sushi}
560,697201,Potato & Sweet Potato Torte
561,682223,Cinnamon Pecan Roasted Butternut Squash
562,593751,Black Bean and Quinoa Soup
563,797711,Dina's Tossed Mushrooms
564,563888,Chunky Lentil Potato Noodle Bolognese + Bob’s Red Mill Giveaway
565,695424,Individual Brussels Sprout & Potato Frittatas
566,694959,Rosemary Lentils & Greens on Toasted Bread
567,669431,Strawberry Spinach Salad
568,878920,Falafel Salad
569,250042,Kale Blueberry Orange Bliss Smoothie
570,695157,Sweet Potato & Black Bean Chili
571,759453,"Broccoli Raab with Garlic, White Beans, Tomatoes, and Parmesan"
572,834930,Creamy Broccoli-White Bean Soup
573,793930,Summer Squash + Zucchini Quinoa Salad with Toasted Pine Nuts
574,516877,"Kale, Garlic and Caramelized Onion Paninis"
575,607078,Strawberry Infused Quinoa Breakfast Bowl
576,596213,Chickpea Kale Salad
577,560205,Chicken Spinach Salad with Avocado Cilantro Dressing
578,515292,"Strawberry Spinach Salad with Basil,Toasted Pecans, and Sugar Snap Peas {and a Cookbook Give-away!}"
579,516934,Lemon- Oregano Salmon with Roasted Tomatoes
580,553907,Chocolate Covered Strawberry Protein Shake
581,843258,Warm Kale Salad with Caramelized Onions & Mushrooms
582,563399,Mustard Crusted Salmon with Roasted Asparagus
583,588604,Chickpea pesto sandwich
584,794440,Clean Eating Hot Coal Roasted Garlic and Rosemary Salmon
585,616567,Spicy Coleslaw + Tahini Dijon Dressing
586,678790,Red Lentil Turkish Soup
587,481116,Pickled Cauliflower and Beets {Giveaway Post!!}
588,563868,Sesame Crusted Tuna & Avocado with Spicy Sesame Zucchini Noodles
589,759293,Deep-Dish Skillet Pizza
590,517536,Lime and Honey Glazed Salmon with Warm Black Bean and Corn Salad
591,512508,Kale Cesar Salad with Garlicy Chickpea Croutons (guest post)
592,598691,Smoked Brisket with Coffee
593,695600,"Fresh Pomodoro Pasta, White Beans & Olives"
594,963358,Balsamic Roasted Brussels Sprouts
595,500436,Mexican Quinoa Salad Cups with Creamy Cilantro Lime Dressing
596,758084,"Roasted Shallot, Squash, Grape, and Green Bean Salad"
597,716444,Crudités Salad with Farro and Pecans
598,949313,Brown Sugar Garlic Pork with Carrots & Potatoes
599,987324,Spiced Vegan Lentil Soup
600,584078,Berry Spinach Salad with Maple Cinnamon Roasted Chickpeas and Balsamic Dressing
601,483681,Sauteed Swiss Chard with Lemon and Garlic
602,500445,Stoplight Mango Green Smoothie
603,245202,Snow Peas with Pine Nuts and Mint
604,245787,"Spicy, Citrusy Black Beans"
605,558138,Green Monster Smoothie
606,721533,Lentil Spinach Soup
607,505126,Fruit & Yogurt Quinoa Bowl {with iPhone}
608,685137,Tropical Carrot Smoothie
609,15381,Creamy Kale Salad
610,212868,5-a-day tagine
611,588252,Zucchini pesto
612,695953,Chicken & Spinach Soup with Fresh Pesto
613,246059,Mustard Greens
614,758502,Crunchy Green Tahini Salad
615,497270,White Bean Soup with Kale and Turkey Italian Sausage
616,800707,10-Minute Gazpacho
617,511521,Green Smoothie
618,577651,Quinoa White Bean Stew
619,996818,Roasted Broccoli with Parmesan
620,750373,Quinoa Pilaf
621,538015,Tropical Superfood Smoothie Bowl
622,566224,Roasted Vegetable Salad
623,605578,Spelt Tabbouleh with Jalapeño Vinaigrette
624,222659,Gigantes plaki
625,475884,Roasted Vegetables
626,794447,Cowboy Caviar
627,198755,Healthy and Delicious: Confetti Quinoa Salad
628,759280,Smothered Cajun-Spiced Squash
629,689854,Balsamic Roasted Brussels Sprouts and Shallots
630,550990,All Natural Hazelnut Butter meets Dark Chocolate
631,758711,Brussels Sprouts with Walnuts and Dried Cranberries
632,215624,Cabbage with caraway
633,628689,Roasted Root Vegetable Buddha Bowls with Maple Cinnamon Tahini Dressing
634,549644,Buffalo Chicken Quinoa Salad
635,514521,Sweet Potato and Kale Couscous
636,524939,Weight Watchers Beef and Broccoli
637,497294,"Sautéed Garlicky Kale with Onions, Pine Nuts, and Craisins"
638,693842,Quick Garlic Parmesan Broccoli
639,603644,How to Spiralize Broccoli: Garlic Broccoli Noodles with Toasted Pine Nuts
640,495363,Baked Sriracha Butternut Squash Fries
641,547932,Pasta with Roasted Red Pepper Tomato Sauce
642,618018,Massaged Kale and Brussels Sprouts Salad with Tahini-Maple Dressing
643,862316,Roasted and Charred Broccoli with Peanuts
644,557154,Wilted Kale Shrimp Zucchini Noodle Salad
645,736719,Cashew-Crusted Salmon with Bok Choy
646,591330,Curried Chickpeas with Spinach
647,840366,Spinach-Broccoli Soup with Garlic and Cilantro
648,695059,"Leek, Potato & Spinach Stew"
649,547810,"Roasted Red Pepper Hummus, Avocado, & Feta Sandwich"
650,584549,"Stuffed Sweet Potato with Spinach, Hummus & Feta"
651,563227,Spicy Three-Bean and Corn Chili
652,666463,Lentil Salad with Beets and Pomegranate
653,615348,Butternut Squash Burritos with Black Beans and Kale
654,539909,"Kale, Mushroom, and Quinoa Salad"
655,510739,Cucumber and Tomato Lentil Salad
656,533008,"Carrot, Beet and Pineapple Juice"
657,719859,Wild Blueberry Banana Hemp Smoothie
658,454079,Cabbage Fat-Burning Soup
659,667163,Teriyaki Salmon and Broccoli Bowls
660,446399,chickpea & saffron stew
661,474360,Easy Breakfast Bruschetta with Tomato and Avocado – Nigella Lawson – 50 Women Game Changers In Food
662,500398,Chocolate Covered Pretzel Peanut Butter
663,622895,Roasted Buddha Bowl
664,697465,Tofu with Thai Curry Sauce
665,248458,Almond Garlic Mashed Potatoes
666,526949,Hummus Mashed Potatoes
667,719172,Garlicky Tuscan Kale
668,482626,Ginger Berry Fruit Smoothie
669,600888,Chana Palak | Chole Palak |Spinach chickpeas curry
670,590710,Grilled Ratatouille Pasta
671,510702,Roasted Squash and Mexican Black Bean Salad #SundaySupper
672,620173,"Garlicky Spaghetti Squash with Chicken, Mushrooms, and Kale"
673,748529,Orecchiette with Broccoli and Pecorino
674,755130,Vegetable Noodle Soup
675,212401,Butternut squash salad
676,792863,Asian Noodle Salad
677,481762,My Favorite Broccoli
678,696100,Green Salad with Strawberries & Goat Cheese
679,739072,Coconut Lime Black Beans
680,668348,Vegan Eggplant Rollatini
681,836027,"Chickpea Tomato Soup with Rosemary (Instant Pot, Slow Cooker and Stove Top)"
682,210778,"Courgette, broccoli & gremolata pasta"
683,512647,Pineapple Rosé Sangria
684,15079,One Pot Kale And Quinoa Pilaf
685,758513,Braised Cavolo Nero Kale
686,926698,Rainbow Bowls with Almond-Ginger Dressing
687,615619,"Kale Salad with Butternut Squash, Chickpeas and Tahini Dressing"
688,509419,Ginger Citrus Salmon with Cucumber and Orange Salsa
689,558994,Holiday Appetizer: Roasted Broccoli & Carrots and Herb Marinated Olives
690,548128,Slow Cooker Lentil Chili
691,495290,Kale and Delicata Squash Salad with Citrus-Maple Vinaigrette
692,558625,Grilled Artichoke Pesto Zucchini Bites
693,524237,grilled potato salad with ramps
694,369952,Spinach Lentil Stew
695,560575,Strawberry Peach Guacamole
696,618830,Asian Broccoli Salad with Peanut Sauce
697,608080,Roasted Tomato Sauce
698,594863,Broccoli Rabe
699,558652,Broccoli Slaw Chicken Salad
700,735809,Homemade Vegan Calzones with Sun-Dried Tomato & Pesto Spread
701,262825,African Kale & Yam Soup
702,588460,Coconut cashew crusted salmon
703,581237,Migraine Be Gone Green Juice
704,757880,Black Soybean and Hoisin Lettuce Wraps
705,249502,Quinoa and Brown Rice Black Bean Fiesta Bowl
706,537929,Nourish Bowl
707,695061,Irish Lamb Stew
708,503534,grape mango kale smoothie {smoothie saturday}
709,550637,Beef and Broccoli Stir-Fry
710,793705,Double Tomato Pesto Spaghetti with Zucchini Noodles
711,519237,Crock Pot Beef Stew
712,758870,Bow Ties with Broccoli Pesto
713,695016,Vegetarian Quinoa & Squash Casserole
714,540774,Massaged Kale Salad with Mango
715,559249,Creamed Spinach
716,509481,"Hummus with Jalapeno and Lime {Gluten free, Low fat + Super Simple}"
717,521480,Clean Eating Sweet Kale Smoothie
718,505174,Quinoa Stuffed Sweet Potatoes
719,580771,Roasted Brussels Sprouts and Crispy Baked Tofu with Honey-Sesame Glaze
720,549469,"30 Minute Sweet Asian Chili Pork, Ginger and Tangerine Stir Fry"
721,198944,Dinner Tonight: Moroccan Spinach and Chickpeas
722,496916,Steamed Cod with Ginger and Scallions
723,758873,Chickpea and Feta Salad
724,482623,Roasted Vegetables with Tahini Lemon Sauce
725,584440,"Raspberry, Walnut & Avocado Kale Salad"
726,697063,Shrimp with Broccoli
727,695867,Moroccan Lentil Soup
728,516621,Lasagna Rolls with a Pomodoro Sauce
729,512641,Strawberry Banana Kale Stem Smoothie
730,979015,Chickpea Avocado Salad
731,723373,Easy Tuscan Bean Soup
732,1001122,Middle Eastern Syrian Salad
733,505103,Strawberry & Peach Quinoa Breakfast
734,608490,Apricot Spinach Salad with Avocado Basil Dressing
735,497090,Sweet Potato and Avocado Salad
736,760083,Moroccan Pumpkin and Lentils
737,825127,"Roast Pork, Asparagus & Cherry Tomato Bowl"
738,985875,Asian Salmon in Foil
739,759802,Spaghetti with Spinach and Mushrooms
740,620292,Kale Salad with Raspberries and Parmesan Crisps
741,493744,SupaDupa Greens Juice
742,695175,Cumin-Scented Wheat Berry-Lentil Soup
743,764907,Cauliflower Rice Burrito Bowl
744,529773,Step By Step: Double Chocolate Protein Nut Butter Cups & An AWESOME Treadmill Workout
745,478540,Springtime Asparagus Soup
746,758480,Collard Green Phyllo Triangles
747,956278,Mediterranean Spiced Salmon and Vegetable Quinoa
748,753644,Pork Marsala With Spinach
749,826073,Harissa Roasted Vegetables
750,539482,Grilled Potato Salad with Charred Onions and Peppers
751,495020,Pumpkin Spice Breakfast Shake
752,695708,Quinoa Salad with Dried Apricots & Baby Spinach
753,608740,Avocado Toast with Spicy Black Bean Burger Strips
754,578308,"Kale Banana Smoothie: With Kiwi, Blueberries and Great Taste"
755,573214,Vegan Grain-free Stuffed Mushrooms
756,574769,Real Men Cook: Thai Chicken Peanut Noodles
757,560643,Spiralized Jicama & Avocado Salad
758,793707,Greek Wedge Salad
759,509878,White Bean and Avocado Sandwich
760,507052,Kale and White Bean Salad
761,695903,Creamed Spinach Casserole
762,484899,Balsamic and Soy Vegetable Medley
763,961888,Roasted Vegetables
764,594615,Baked Salmon with Honey Dijon and Garlic
765,535683,Southwestern Chopped Salad with Cilantro Lime Dressing
766,670039,Honey Teriyaki Salmon and Veggies in Foil
767,852446,Healthy Cinnamon Roll Mug Cake
768,506455,Kale and Grapefruit Salad with Sunflower Seeds and Dried Cranberries
769,685432,Baked Butternut Squash Mac and Cheese
770,758503,Endive Petals with Rosemary Chevre
771,929118,Green Curry Vegetable Soup
772,803114,Thai Peanut Quinoa Salad
773,552683,Spicy Peanut Noodles with Stir-Fry
774,539005,Lentil Quinoa Bolognese Sauce | The Great Vegan Bean Book #Review
775,621581,Endive Stuffed with Old Bay Crab Salad
776,884850,Grilled Salmon with Mango Salsa
777,676883,Blueberry Blast Smoothie (Omega + Antioxidant Power)
778,473958,Quinoa Citrus Mango Avocado Black Bean Salad
779,838587,Thai Crunch Bowl with Salmon
780,180317,Luscious Lemon Drop Smoothies
781,679829,Spinach & Cheese Stuffed Shells
782,562756,"Roasted Kabocha Squash and Chickpea Salad with Tahini, Scallions and Black Sesame Seeds"
783,497380,"Sautéed Kale with Grape Tomatoes, Garlic, and Parmesan"
784,758663,Grilled Vegetables with Miso Sauce
785,666607,Garlic Roasted Brussels Sprouts
786,46120,Creamy Spinach Dip
787,721777,White Bean Caprese Salad Skinnytaste
788,759013,Spicy Sun-Dried Tomato Soup with White Beans & Swiss Chard
789,247371,Baked Salmon with Avocado Mango Salsa
790,584407,Sweet Potato & Endive Hash with Sriracha Buttermilk Sauce
791,487526,"aloo 65 or potato 65, how to make aloo 65 | aloo s"
792,247663,Strawberry Quinoa and Spinach Caprese Salad
793,507388,Lentil and Collard Soup
794,758052,Warm Salad of Millet and Roasted Brussels Sprouts with Cranberries and Walnuts
795,506393,Lemon Thyme Tuna Burgers
796,583255,Greek Salad with Easy Zesty Dressing
797,529639,Chili Crusted Ahi Tuna & Avocado Salad with Cilantro Garlic Dressing (GF!) … and Fave Five Friday: Healthy Tuna
798,696160,Bean & Salmon Salad with Anchovy-Arugula Dressing
799,204689,Cook the Book: Brussels Sprout-Potato Hash
800,610300,Greek Style Kale Edamame Zucchini Salad
801,701320,Twice Baked Hummus Potatoes with Rosemary
802,842484,Cauliflower Steaks with Olive Relish and Tomato Sauce
803,983561,One Pot Thai Peanut Veggie Pasta
804,506513,Spicy Sweet Potato and Black Bean Chili with Avocado
805,510493,Vegetable Spring Rolls with Peanut Sauce
806,608130,Mediterranean Chickpea and Lentil Salad
807,848967,Veggie Bites Using Fresh Veggies
808,772956,Sunny's Nunya Business Instant Rice and Pesto
809,471449,Fresh Veggie Bagel Sandwich
810,508040,Spinach Dip
811,535673,One Pan Mexican Quinoa
812,880119,Garden Vegetable Quinoa Soup
813,522029,"The Cheeky Monkey Smoothie {Ginger, Banana, Leafy Greens}"
814,516705,"A Healthier Way to Detox, and a Green Smoothie"
815,535944,Green Smoothie
816,616560,"BLACK BEAN, BROCCOLI & AVOCADO SALAD + CUMIN LIME TAHINI DRESSING"
817,482637,Strawberry Green Smoothie
818,204348,Roasted Squash and Raw Carrot Soup
819,771541,Spanish Baked Salmon
820,724161,Healthy Kidney Bean Pasta
821,757877,New Year’s Black-Eyed Peas and Greens
822,246555,"Oven-Roasted Salmon, Asparagus and New Potatoes"
823,262271,The Big Salad
824,586773,Crunchy Salmon Salad with Sriracha Dressing
825,758452,Warm Farro Pilaf with Dried Cranberries
826,263218,Salsa Chickpea Lettuce Wraps
827,245401,Portobello Mushroom Burger
828,696861,Fresh Herb & Lemon Bulgur Pilaf
829,620545,Crowd-Pleasing Vegan Caesar Salad
830,995821,Meal Plan Day 3: Quinoa & Kale Quesadillas
831,479515,Powerhouse Bulgur Salad with Orange Vinaigrette
832,482554,Lemony Lentil Soup with Spinach
833,195594,Roasted Brussels Sprouts with Pomegranate Molasses
834,798544,Berry and Avocado Spinach Salad with Feta and Pistachios in a Creamy Berry Poppy Seed Dressing
835,570458,African Potato and Cauliflower Stew
836,506277,Chicken and Vegetable Stuffed Acorn Squash
837,671892,"Tomato, Onion, Avocado Salad"
838,496890,Seared Ahi Tuna Salad
839,248994,"Roasted Butternut Squash, Shiitake Mushroom and Kale, Kimchi Bibimsoba"
840,556675,"Cleanse & Detox Smoothie: Dairy, Sugar & Gluten Free"
841,87665,Seared Salmon with Oranges and Fennel
842,583949,"Raspberry, Walnut & Avocado Kale Salad"
843,482389,Slow Cooked Lebanese Green Beans and Beef
844,578398,15 minute mushroom stroganoff
845,495086,Sage Polenta Bowls with Roasted Brussels Sprouts & Wild Mushrooms
846,178235,Spa Refreshers
847,615768,Low Carb Cauliflower Tabbouleh – 4 Points
848,811779,Black bean enchiladas with avocado sauce
849,507045,10-Minute Healthy Bok Choy Salad with Creamy Tahini Dressing
850,814279,Grilled Salmon with Grilled Peach and Avocado Salsa
851,601141,Berry Green Smoothie
852,556374,"Pasta with tuna, parsley, basil and capers"
853,523177,Single-Serving Chocolate Peanut Butter Microwave Cake
854,446312,stuffed acorn squash
855,615610,My Favorite Autumn Salad
856,494995,Kale-Ginger Detox Smoothie
857,615214,Butternut Squash Burrito Bowls
858,519991,"Roasted Cinnamon-Ginger Delicata Squash (vegan, glutuen-free)"
859,666936,Lentil and Beet Salad with Lavender-Mustard Vinaigrette
860,564087,"Spring Zucchini Pasta with Peas, Leeks & Watercress"
861,602576,White Beans and Cabbage
862,616762,High Protein Quinoa Almond Berry Salad
863,383562,Vegetarian Cabbage Rolls
864,979379,Chickpea Tuna Salad
865,584336,"Mediterranean Chicken, Bean & Pasta Soup"
866,559998,"Black Bean, Corn, and Avocado Salad"
867,515948,Ahi Tuna Stacks with Ginger-Soy Dressing
868,876537,Frisée and Carrot Ribbon Salad with Za'atar-Lemon Vinaigrette
869,482652,Pasta Salad with Tuna and Beans
870,505030,Super Healthy Green Soup 
871,262895,Lower Alabama Caviar
872,758898,Oyster Mushrooms Rockefeller
873,916852,Strawberry Infused Quinoa Breakfast Bowl
874,1046984,Roasted Brussel Sprout Salad with Quinoa
875,482630,Cucumber Apple Green Smoothie
876,759328,Vietnamese Hot Pot
877,608268,"Crispy Quinoa Cakes (Vegan, Gluten-Free, Nut-Free)"
878,716394,"Butterflied Trout with Spicy Lettuce, Celery, and Herbs"
879,509783,Winter Kale and Quinoa Salad
880,603191,Summer Chickpea Salad with Honey Garlic Lime Vinaigrette
881,698629,Amazing Pea Soup
882,958007,Easy Homemade Hummus
883,608014,Creamy Heirloom Tomato and Avocado Gazpacho
884,516924,Garlic Parmesan Kale Chips
885,434297,White Beans and Spinach
886,495223,Pesto Quinoa & White Bean Cakes with Roasted Tomatoes
887,765348,Mushroom Chickpea Skillet
888,525987,Healthy Gluten Free Oven Fried Okra
889,483627,Slow Cooker Vegetable Curry with Chickpeas
890,245426,Broccoli Rabe with Pasta and Sun Dried Tomatoes
891,587557,Pumpkin N’Oatmeal
892,798389,High-Protein Black Bean Avocado Tuna Salad Sandwiches
893,610687,Broccoli Chicken Quinoa Casserole with a Cauliflower Sauce (+Video)
894,521991,Green Smoothies: A Beginner’s Journey
895,521521,Asparagus And Lemon Pasta
896,116381,Stolen Garlic Chicken Livers
897,986632,Healing Thai Butternut Squash Lentil Soup (with a slow cooker option!)
898,557761,Spring Superfoods Salad
899,794469,Rainbow Bowls with Almond-Ginger Dressing
900,250480,Vegan Twice Baked Potatoes
901,611933,Homestyle Lentil Soup
902,496453,Carrot Ginger Detox Salad
903,764847,Strawberry Avocado Spinach Salad with Chicken
904,556844,"Massaged Kale Salad with Pistachios, Dried Cherries, and Avocado"
905,215673,"Pasta with pine nuts, broccoli, sardines & fennel"
906,524038,garlic almond kale chips
907,688040,Spinach Artichoke Lasagna
908,217335,Black and Orange Halloween Pasta
909,590407,"Smoked Sausage, Spinach and White Bean Soup"
910,749120,"Pasta Primavera with Peas, Asparagus and Kale"
911,244061,Southern Fried Catfish
912,840658,"Ahi Tuna Winter Salad with Creamy Balsamic Dressing (DF, GF)"
913,525111,{38 Power Foods} Weight Watchers Lentil and Swiss Chard Soup
914,486733,"hara bhara kabab , how to make hara bhara kabab"
915,621273,"Kale, Apple, and Ginger Smoothie"
916,694957,Oven-Poached Salmon Fillets
917,743162,Greek Quinoa Salad
918,590013,Ginger Beef Stir Fry
919,999559,How to Make Creamy Sunflower Seed Butter
920,696935,Packet-Roasted Balsamic Green Beans & Peppers
921,586756,Green Goddess Pasta + Giveaway
922,546735,Avocado Banana Kiwi Kale Smoothie
923,548402,Moroccan Eggplant Salad – 2 Points
924,7835,Lemony Tuna And Olive Oil Pasta
925,759448,Sunny Raw Nori Rolls
926,702998,Strawberry Spinach Green Smoothie
927,195203,Mexican Mushroom and Spinach Sandwich (Vegan Torta)
928,588131,Goat cheese & spinach mashed sweet potatoes
929,512701,Creamy Avocado Pasta
930,840651,Healthy Lentil Stuffed Peppers
931,745458,Healthy Eggplant and Kale Parmesan
932,758875,Stir-fried Tofu Bento Box with Sesame Soba Noodles and Ginger-Carrot Broccoli
933,719169,Mediterranean Roasted Sweet Potato & Farro Salad
934,548335,Lemon Spinach Chickpea Pasta with Parsley Pesto – 10 Points
935,512264,"Raw Kale, Cabbage and Carrot Chopped Salad with Maple Sesame Vinaigrette"
936,248586,Korean Spicy BBQ Chicken Tacos
937,696781,Broiled Salmon with Miso Glaze
938,195856,Ultra-Crispy Roast Potatoes
939,592864,Skinny Kale & Tomato Quiche
940,841984,"Roasted Sweet Potato Kale and Dried Cherries, Feta & Pepitas"
941,613300,PB + C + J Protein French Toast (gluten free!)
942,668877,Sriracha Honey Salmon Vegetable Packets
943,524262,balsamic kale with cranberries
944,111062,"Steamed Broccoli with Olive Oil, Garlic, and Lemon"
945,763450,Kale Guacamole
946,552597,Campanelle with Pan-Roasted Garlic Brussels Sprouts & Pine Nuts
947,715302,Black Rice Salad with Cilantro Pesto
948,587136,Strawberry Avocado Kale Salad with Bacon Poppyseed Dressing
949,558787,"Beef, Broccoli & Snow Pea Stir Fry"
950,695644,Salmon & Roasted Vegetable Salad
951,224675,Vegetable tagine with chickpeas & raisins
952,719035,Mango Ginger Kale Green Smoothie
953,537841,Asparagus Salad with Tarragon Vinaigrette
954,759814,Truffled Wild Mushrooms over Whipped White Beans
955,250651,Creamy Cauliflower Carrot Cashew Soup
956,510432,Sunday Slow Cooker: Saag Paneer
957,666790,More from Clean Eating
958,608467,Simple Roasted Tomato Sauce
959,549457,Mahi Mahi Fish Tacos with Chipotle Mango Salsa
960,588618,Pad thai salad
961,592686,Italian Noodle Soup
962,592000,Chili Roasted Potatoes
963,712298,Broccoli-Spinach Soup with Leeks
964,621333,"avocado pudding, two ways "
965,216025,Eggplant with Lentils and Goat Cheese
966,809792,Spicy Black Bean Chicken Enchiladas with Pumpkin Sour Cream Sauce
967,564726,Mung Bean Sprouts And Spinach Conjee (Porridge) | Indian Breakfast s
968,607922,"Baked Super Foods: Salmon, Kale & Sweet Potatoes"
969,582722,Healthy Lunch – Fruit and Tuna Lettuce Wrap with Ocean Naturals #shop #OceanNaturals #cbias
970,199061,Healthy & Delicious: Mushroom 'Bolognese
971,695025,Grilled Salmon with Mustard & Herbs
972,516577,"Spicy Black Bean, Hominy and Kale Stew"
973,557147,Ginger-Garlic Salmon + Asian Cabbage Salad
974,562885,Wheat Berry and White Bean Soup with Savoy Cabbage
975,551132,"Quick, Healthy and Super Simple Tuna Fish Salad"
976,552039,Garam Masala
977,443063,Italian Rice
978,996436,Grilled Salmon with Avocado Bruschetta
979,591243,Roasted Vegetable Chickpea Salad
980,838747,Honey-Soy-Glazed Salmon with Veggies and Oranges
981,600269,Chipotle Mexican Grill Guacamole – freshly made guacamole that is easy to make can be had with this
982,608922,Raw Kale Salad with Berries
983,618032,YouTube Channel Revamp and Zucchini Noodle Collard Green Wrap Video
984,586918,Healthy Chocolate Peanut Butter Milkshake {high protein}
985,757858,Green Bean Curry with Peas and Cashews
986,814129,Crispy Jamaican Jerk Salmon with Mango-Basil Vinaigrette
987,812436,Asparagus Broccoli Salad
988,716426,"Cauliflower, Brown Rice, and Vegetable Fried Rice"
989,492910,Maple Sesame Glazed Salmon – Holiday Club
990,563992,Bone-Building Rainbow Kale Slaw with Fresh Oranges
991,548696,Spinach and Mushroom Stuffed Shells – 8 Points
992,958873,coconut cream green soup with pan-seared salmon
993,482775,"Pasta Salad with Tomatoes, Kalamata Olives and Toasted Pine Nuts"
994,577598,Grilled Asparagus and Chili-Orange Quinoa Spring Rolls
995,559314,Tomato Kale Soup and Meal Planning
996,263904,Chana Palak Masala
997,596924,Peppery Duck Breast
998,758283,Roasted Vegetable Soup
999,500379,15-Minute Miso Soup with Greens and Tofu
